Rank,Filename,Match Score (%),Matched Skills Count,Missing Skills Count,Top Matched Skills,Top Missing Skills,Status
1,Utthan Silawal12.docx,38.04,7,22,"solutions, responsibilities, strong, experience, models","learning, building, extracting, spacy, machine",Success
2,manish_singh_resume.docx,37.78,9,20,"solutions, responsibilities, strong, experience, models","learning, extracting, spacy, machine, deploying",Success
3,Kashyap K. Vora resume.docx,37.57,13,16,"solutions, learning, strong, scientist, experience","deploying, responsibilities, text, ml, engineer",Success
4,Balaji Gopalakrishnan Project Manager.docx,36.67,8,21,"solutions, responsibilities, experience, data, models","learning, extracting, spacy, machine, deploying",Success
5,Satish Reddy.docx,36.59,15,14,"deploying, solutions, learning, responsibilities, strong","scientist, ml, engineer, pandas, nlp",Success
6,Nilesh-resume_1_phplead.docx,36.3,3,26,"experience, solutions, hands","learning, models, building, extracting, spacy",Success
7,AnilAgarwal.docx,36.18,10,19,"deploying, solutions, responsibilities, strong, text","learning, models, extracting, spacy, machine",Success
8,Chandler_BA.docx,35.16,4,25,"experience, solutions, strong, hands","learning, models, building, extracting, spacy",Success
9,Balakrishna Sudabathula.docx,35.06,6,23,"solutions, responsibilities, experience, building, git","learning, models, extracting, spacy, machine",Success
10,Haarika_BA.docx,34.82,8,21,"solutions, responsibilities, strong, experience, data","learning, extracting, spacy, machine, deploying",Success
11,BA - Abhishek.docx,34.63,7,22,"solutions, responsibilities, experience, models, extracting","learning, building, spacy, machine, deploying",Success
12,Tushar Patel.docx,34.54,3,26,"experience, strong, data","learning, models, building, extracting, spacy",Success
13,Pankaj BSA.docx,34.21,7,22,"solutions, responsibilities, strong, experience, models","learning, building, extracting, spacy, machine",Success
14,Venkata_Sr.PHP_Developer.docx,34.18,9,20,"deploying, solutions, responsibilities, experience, building","learning, models, extracting, spacy, machine",Success
15,Shashank.docx,33.96,7,22,"solutions, responsibilities, experience, data, models","learning, extracting, spacy, machine, deploying",Success
16,Pavan Kumar Full Stack Java Developer.docx,33.88,13,16,"deploying, solutions, responsibilities, strong, text","scientist, learning, ml, pandas, nlp",Success
17,Manikanta P.docx,33.85,10,19,"deploying, responsibilities, strong, experience, data","learning, models, spacy, machine, solutions",Success
18,Ravi Pattar- Sr. Agile Program manager.docx,33.09,8,21,"solutions, responsibilities, engineer, experience, data","learning, models, extracting, spacy, machine",Success
19,Naresh V.docx,33.02,10,19,"deploying, responsibilities, strong, experience, data","learning, models, extracting, spacy, machine",Success
20,srinivas b.docx,32.9,11,18,"deploying, responsibilities, strong, experience, data","solutions, learning, scientist, ml, engineer",Success
21,Tanmay_Dam_Resume_BA.docx,32.89,8,21,"solutions, learning, engineer, experience, data","models, building, extracting, spacy, machine",Success
22,Resume2018March.docx,32.8,2,27,"building, learning","models, extracting, spacy, machine, deploying",Success
23,Mitali Barman_Resume.docx,32.57,6,23,"solutions, responsibilities, strong, experience, building","learning, models, extracting, spacy, machine",Success
24,Vinay.D_Resume.docx,32.41,10,19,"deploying, solutions, responsibilities, strong, experience","learning, models, extracting, spacy, machine",Success
25,Vijay Bhargav.docx,32.33,16,13,"deploying, solutions, learning, responsibilities, strong","scientist, ml, pandas, nlp, candidate",Success
26,Tejaswi-resume.docx,32.13,8,21,"solutions, responsibilities, learning, strong, experience","building, extracting, spacy, machine, deploying",Success
27,Venkat_BA.docx,31.95,6,23,"solutions, responsibilities, strong, experience, models","learning, building, extracting, spacy, machine",Success
28,Bharatha BA Resume.docx,31.5,8,21,"solutions, responsibilities, strong, experience, data","learning, extracting, spacy, machine, deploying",Success
29,Jimi_Desai_PM.docx,31.11,7,22,"strong, experience, data, models, building","learning, extracting, spacy, machine, deploying",Success
30,Jaya prakash.docx,30.65,8,21,"deploying, responsibilities, experience, models, building","learning, extracting, spacy, machine, solutions",Success
31,Ranjan_Project Manager-Scrum Master.docx,30.59,9,20,"solutions, responsibilities, strong, engineer, experience","learning, models, extracting, spacy, machine",Success
32,Sai Krishna BA.docx,30.42,8,21,"solutions, responsibilities, strong, experience, data","learning, extracting, spacy, machine, deploying",Success
33,Smita Kamble_Resume.docx,30.41,7,22,"solutions, learning, strong, experience, models","extracting, spacy, machine, deploying, responsibilities",Success
34,Amrinder Business Analyst.docx,30.4,6,23,"solutions, responsibilities, experience, data, text","learning, models, building, extracting, spacy",Success
35,Mani_Hadoop.docx,30.32,12,17,"deploying, solutions, responsibilities, strong, scientist","learning, text, ml, engineer, pandas",Success
36,Resume - Kishore Kotapati - 218E - BA.docx,30.15,6,23,"deploying, solutions, responsibilities, experience, building","learning, models, extracting, spacy, machine",Success
37,Deepika Chintalapati.docx,30.09,6,23,"solutions, responsibilities, experience, building, include","learning, models, extracting, spacy, machine",Success
38,Shail_Tank-Business Analyst .docx,29.98,9,20,"solutions, responsibilities, strong, experience, data","learning, extracting, spacy, deploying, engineer",Success
39,Resume_Spoorti Pandit_BSA.docx,29.92,6,23,"solutions, responsibilities, experience, models, building","learning, extracting, spacy, machine, deploying",Success
40,Vivek.BSA.docx,29.81,7,22,"solutions, responsibilities, strong, experience, models","learning, building, extracting, spacy, machine",Success
41,kalyan das.docx,29.65,11,18,"deploying, responsibilities, strong, experience, data","solutions, learning, scientist, ml, engineer",Success
42,ravikiran JALASUTRAPU.docx,29.6,12,17,"deploying, solutions, responsibilities, strong, text","scientist, learning, ml, engineer, pandas",Success
43,TeresaNeetipudi IT BA.DOCX,29.56,6,23,"responsibilities, experience, data, models, extracting","learning, building, spacy, machine, deploying",Success
44,Satish Uduta.docx,29.52,8,21,"deploying, responsibilities, strong, experience, data","learning, models, building, extracting, spacy",Success
45,Yohan BSA.docx,29.46,9,20,"solutions, responsibilities, strong, experience, models","learning, extracting, spacy, machine, deploying",Success
46,RAMYA BUSINESS ANALYST RESUME.docx,29.39,7,22,"solutions, responsibilities, strong, experience, models","learning, extracting, spacy, machine, deploying",Success
47,Uday_Maripelly.docx,29.34,9,20,"strong, engineer, experience, data, models","learning, building, extracting, spacy, deploying",Success
48,Anil Krishna Mogalaturthi.docx,29.26,12,17,"deploying, solutions, responsibilities, strong, experience","scientist, learning, ml, engineer, pandas",Success
49,CHETAN_Sr Java Developer.docx,28.66,7,22,"responsibilities, learning, experience, models, building","extracting, spacy, machine, deploying, solutions",Success
50,mohid_rj.docx,28.64,10,19,"deploying, solutions, responsibilities, experience, data","learning, extracting, spacy, strong, engineer",Success
51,Nikith Reddy.docx,28.59,13,16,"deploying, solutions, responsibilities, strong, experience","scientist, learning, ml, engineer, pandas",Success
52,Varun.docx,28.44,10,19,"deploying, responsibilities, strong, experience, data","learning, extracting, spacy, machine, solutions",Success
53,Pavan Sr Business Analyst resume.docx,28.4,4,25,"experience, responsibilities, strong, data","learning, models, building, extracting, spacy",Success
54,Rohanu Resume.docx,28.26,9,20,"deploying, responsibilities, strong, experience, data","learning, extracting, spacy, machine, solutions",Success
55,Sundar_Java_8+ Years..docx,28.24,12,17,"deploying, solutions, responsibilities, strong, engineer","scientist, learning, text, ml, pandas",Success
56,Atul_Mathur_Resume.docx,28.2,6,23,"solutions, responsibilities, engineer, experience, include","learning, models, building, extracting, spacy",Success
57,manohar.B.docx,28.16,10,19,"deploying, responsibilities, strong, experience, data","learning, extracting, spacy, machine, solutions",Success
58,SaravanaKumar.docx,28.13,4,25,"experience, solutions, responsibilities, data","learning, models, building, extracting, spacy",Success
59,Vivek Joshi_CV.docx,28.07,4,25,"experience, text, data, engineer","learning, models, building, extracting, spacy",Success
60,Shelly Woods.docx,27.98,12,17,"deploying, solutions, responsibilities, strong, experience","scientist, learning, ml, engineer, pandas",Success
61,KIRAN KUMAR.docx,27.94,7,22,"responsibilities, strong, experience, data, building","learning, models, extracting, spacy, machine",Success
62,B Shaker-Sr BSA-Scrum Master .docx,27.83,8,21,"solutions, responsibilities, strong, experience, data","learning, extracting, spacy, machine, deploying",Success
63,Krishna Kuruvella.docx,27.73,8,21,"solutions, responsibilities, strong, engineer, experience","learning, models, building, extracting, spacy",Success
64,Dave.docx,27.68,9,20,"solutions, responsibilities, strong, experience, models","learning, extracting, spacy, machine, deploying",Success
65,Derik.docx,27.68,9,20,"solutions, responsibilities, strong, experience, models","learning, extracting, spacy, machine, deploying",Success
66,Kumar Raj.docx,27.61,11,18,"deploying, solutions, responsibilities, strong, experience","scientist, learning, ml, engineer, pandas",Success
67,Vishal S..docx,27.61,7,22,"solutions, strong, engineer, experience, models","learning, building, extracting, spacy, machine",Success
68,Pierre John.docx,27.56,10,19,"deploying, solutions, responsibilities, strong, experience","learning, extracting, spacy, machine, engineer",Success
69,Krishna Sr. BSA Resume.docx,27.49,5,24,"solutions, experience, models, extracting, data","learning, building, spacy, machine, deploying",Success
70,Mounika health care resume.docx,27.29,6,23,"solutions, responsibilities, experience, models, learn","learning, building, extracting, spacy, machine",Success
71,Rajendra-PMP-CSM.docx,27.28,6,23,"solutions, strong, experience, building, looking","learning, models, extracting, spacy, machine",Success
72,Naveen Arora.docx,27.17,7,22,"solutions, responsibilities, engineer, experience, data","learning, models, building, extracting, spacy",Success
73,Bharat Arora_CV_PMP _ ERP1.docx,27.17,5,24,"solutions, strong, experience, building, data","learning, models, extracting, spacy, machine",Success
74,Tarun RESUME-BSAT.docx,27.16,7,22,"responsibilities, learning, engineer, experience, data","models, extracting, spacy, machine, deploying",Success
75,Naren Sr.BA .docx,27.15,9,20,"solutions, responsibilities, experience, data, models","learning, spacy, machine, deploying, strong",Success
76,Naren Sr.BA.docx,27.15,9,20,"solutions, responsibilities, experience, data, models","learning, spacy, machine, deploying, strong",Success
77,Neha Mugghala.docx,27.09,11,18,"deploying, responsibilities, strong, experience, data","solutions, learning, text, scientist, engineer",Success
78,Prashant Chawda_resume.docx,26.96,8,21,"solutions, responsibilities, strong, engineer, experience","learning, models, extracting, spacy, machine",Success
79,Sravani Singirikonda.docx,26.95,9,20,"deploying, responsibilities, strong, experience, models","learning, extracting, spacy, machine, solutions",Success
80,Naveen.S_Resume.docx,26.89,13,16,"deploying, solutions, responsibilities, strong, experience","scientist, learning, ml, engineer, pandas",Success
81,mounika BA resume 7.docx,26.82,5,24,"solutions, responsibilities, strong, experience, data","learning, models, building, extracting, spacy",Success
82,Gopi.docx,26.67,12,17,"deploying, solutions, learning, responsibilities, strong","scientist, ml, text, engineer, pandas",Success
83,Anudeep N_Sr Java Developer.docx,26.62,8,21,"solutions, responsibilities, strong, experience, data","learning, models, spacy, machine, deploying",Success
84,B Suresh Kumar_Project Manager_1.docx,26.62,7,22,"solutions, responsibilities, strong, experience, models","learning, building, extracting, spacy, machine",Success
85,Nandini_Resume.docx,26.53,6,23,"experience, data, models, building, looking","learning, extracting, spacy, machine, deploying",Success
86,Sarath M.docx,26.47,9,20,"deploying, solutions, responsibilities, strong, experience","learning, models, extracting, spacy, machine",Success
87,Shaker Resume.docx,26.42,8,21,"solutions, responsibilities, strong, experience, data","learning, extracting, spacy, machine, deploying",Success
88,madhuri_java.docx,26.41,12,17,"deploying, solutions, responsibilities, strong, experience","scientist, learning, ml, engineer, pandas",Success
89,Sri Gati.docx,26.4,13,16,"deploying, solutions, responsibilities, strong, text","scientist, learning, ml, pandas, nlp",Success
90,harish S.docx,26.35,10,19,"deploying, solutions, strong, text, experience","learning, models, extracting, spacy, machine",Success
91,Kuppurajbabu_BA.docx,26.26,9,20,"solutions, responsibilities, strong, engineer, experience","learning, extracting, spacy, machine, deploying",Success
92,HARI_Sr.Java Developer.docx,26.16,7,22,"responsibilities, strong, engineer, experience, data","learning, models, building, extracting, spacy",Success
93,PM RESUME.docx,26.11,5,24,"solutions, responsibilities, strong, experience, data","learning, models, building, extracting, spacy",Success
94,Tarun.docx,25.77,10,19,"deploying, solutions, strong, experience, data","learning, models, building, extracting, spacy",Success
95,Nikki_Nimmagadd.docx,25.64,7,22,"solutions, strong, experience, data, models","learning, building, spacy, machine, deploying",Success
96,RaviRaju_Resume.docx,25.63,7,22,"solutions, strong, experience, models, building","learning, extracting, spacy, machine, deploying",Success
97,Manohar Reddy.docx,25.61,15,14,"deploying, solutions, learning, responsibilities, strong","scientist, ml, engineer, pandas, nlp",Success
98,ram krishna.docx,25.58,12,17,"deploying, responsibilities, strong, experience, models","solutions, learning, scientist, ml, engineer",Success
99,venu b.docx,25.5,10,19,"deploying, responsibilities, strong, experience, data","learning, extracting, spacy, machine, solutions",Success
100,Murali_Project Manager QA.DOCX,25.48,6,23,"responsibilities, learning, strong, experience, building","models, extracting, spacy, machine, deploying",Success
101,Samir Naik-NJ - Feb 2018-V6.0.docx,25.38,5,24,"solutions, experience, git, include, data","learning, models, building, extracting, spacy",Success
102,Samir Naik-NJ - Mar 2018-V3.0.docx,25.38,5,24,"solutions, experience, git, include, data","learning, models, building, extracting, spacy",Success
103,sanjay kumar.docx,25.24,9,20,"deploying, responsibilities, strong, experience, data","learning, models, spacy, machine, solutions",Success
104,Alekhya Resume.docx,25.2,10,19,"deploying, solutions, responsibilities, strong, experience","learning, extracting, spacy, machine, engineer",Success
105,Mohammad Resume.docx,25.2,5,24,"solutions, responsibilities, experience, building, data","learning, models, extracting, spacy, machine",Success
106,indrakaran soma.docx,25.12,9,20,"deploying, responsibilities, experience, data, building","learning, models, extracting, spacy, solutions",Success
107,Priyanka Sr BSA Resume.docx,25.07,7,22,"deploying, solutions, responsibilities, experience, data","learning, models, building, spacy, machine",Success
108,BA - Navneet.docx,24.94,7,22,"solutions, responsibilities, experience, models, building","learning, extracting, spacy, machine, deploying",Success
109,Othman - Project Manager.docx,24.82,5,24,"solutions, responsibilities, experience, building, include","learning, models, extracting, spacy, machine",Success
110,Krishna_BSA.docx,24.79,5,24,"solutions, experience, models, extracting, data","learning, building, spacy, machine, deploying",Success
111,AjayKumar.docx,24.7,9,20,"solutions, responsibilities, strong, engineer, experience","learning, models, extracting, spacy, machine",Success
112,Mahesh_Kamath_PM (1).docx,24.62,7,22,"solutions, responsibilities, strong, engineer, experience","learning, models, building, extracting, spacy",Success
113,KY BA PM UPDATED RESUME .docx,24.49,9,20,"solutions, responsibilities, strong, experience, data","learning, building, spacy, machine, deploying",Success
114,Shiuli Mahmud.docx,24.48,8,21,"solutions, responsibilities, learning, strong, experience","building, extracting, spacy, deploying, engineer",Success
115,Varun Kumar.docx,24.47,7,22,"solutions, responsibilities, strong, experience, data","learning, models, building, extracting, spacy",Success
116,Tarun Resume.docx,24.45,6,23,"responsibilities, strong, experience, data, building","learning, models, extracting, spacy, machine",Success
117,Vikash_BA_Ab.docx,24.33,9,20,"deploying, solutions, learning, responsibilities, strong","models, extracting, spacy, machine, engineer",Success
118,Jagan S Iyer PM.docx,24.15,4,25,"experience, solutions, strong, data","learning, models, building, extracting, spacy",Success
119,Tarun_Developer.docx,24.11,13,16,"deploying, solutions, responsibilities, strong, engineer","scientist, learning, ml, pandas, nlp",Success
120,Robinson.docx,24.1,8,21,"solutions, responsibilities, learning, strong, experience","building, extracting, spacy, machine, deploying",Success
121,Akhil_Sr BSA.docx,23.79,8,21,"solutions, responsibilities, learning, strong, experience","building, extracting, spacy, machine, deploying",Success
122,BA with INV.docx,23.75,7,22,"responsibilities, text, experience, data, models","learning, building, extracting, spacy, machine",Success
123,ronith s.docx,23.69,10,19,"deploying, solutions, responsibilities, strong, experience","learning, models, extracting, spacy, machine",Success
124,Mohamad Jamil.docx,23.67,5,24,"solutions, strong, engineer, experience, data","learning, models, building, extracting, spacy",Success
125,Akhil.profile.docx,23.67,8,21,"solutions, responsibilities, learning, strong, experience","building, extracting, spacy, machine, deploying",Success
126,Praveen B.docx,23.6,5,24,"solutions, responsibilities, experience, hands, data","learning, models, building, extracting, spacy",Success
127,Ashok Jayakumar - PM.docx,23.58,5,24,"solutions, strong, experience, building, data","learning, models, extracting, spacy, machine",Success
128,Ujvala BA Feb 20.docx,23.5,9,20,"solutions, responsibilities, strong, experience, data","learning, extracting, spacy, machine, deploying",Success
129,Achyuth Resume_8.docx,23.41,9,20,"deploying, responsibilities, strong, experience, data","learning, models, extracting, spacy, machine",Success
130,Sr. Business Analyst.docx,23.31,5,24,"solutions, experience, models, hands, data","learning, building, extracting, spacy, machine",Success
131,Mehul.docx,23.28,6,23,"responsibilities, strong, experience, models, include","learning, building, extracting, spacy, machine",Success
132,Business Analyst_GHyma.docx,23.22,7,22,"solutions, responsibilities, strong, experience, models","learning, building, extracting, spacy, machine",Success
133,Resume - PM Agile-Scrum.docx,23.22,6,23,"solutions, strong, experience, data, building","learning, models, extracting, spacy, machine",Success
134,Madhuri Pawar.docx,23.17,7,22,"responsibilities, strong, experience, data, building","learning, models, extracting, spacy, machine",Success
135,Gururaja Murthy PMCPCSM.docx,23.16,6,23,"solutions, responsibilities, engineer, experience, models","learning, building, extracting, spacy, machine",Success
136,jeck P.docx,23.05,13,16,"deploying, solutions, responsibilities, strong, experience","scientist, learning, ml, engineer, pandas",Success
137,Rao_Java.docx,23.02,12,17,"deploying, solutions, responsibilities, strong, engineer","scientist, learning, ml, pandas, nlp",Success
138,Spoorthi Finance BSA Resume.docx,22.93,6,23,"solutions, responsibilities, experience, models, building","learning, extracting, spacy, machine, deploying",Success
139,vema reddy.docx,22.86,18,11,"deploying, solutions, learning, responsibilities, strong","scientist, engineer, pandas, nlp, candidate",Success
140,komal patel.docx,22.8,9,20,"deploying, solutions, responsibilities, experience, data","learning, models, extracting, spacy, machine",Success
141,Srivatsan_Project_Manager.docx,22.79,11,18,"solutions, responsibilities, strong, engineer, experience","deploying, scientist, learning, ml, pandas",Success
142,Reddemma_Lankipalle.docx,22.56,9,20,"responsibilities, strong, engineer, experience, data","learning, building, extracting, spacy, machine",Success
143,Sahas BA Resume.docx,22.52,12,17,"deploying, solutions, learning, responsibilities, strong","scientist, ml, engineer, pandas, nlp",Success
144,Vishnu J.docx,22.51,9,20,"solutions, responsibilities, engineer, experience, data","learning, building, extracting, spacy, deploying",Success
145,Vishnu Java dev.docx,22.51,9,20,"solutions, responsibilities, engineer, experience, data","learning, building, extracting, spacy, deploying",Success
146,Raja Santhosam_PM Scrum Master.DOCX,22.33,6,23,"solutions, responsibilities, strong, experience, building","learning, models, extracting, spacy, machine",Success
147,Saiteja G.docx,22.3,11,18,"deploying, solutions, responsibilities, strong, experience","scientist, learning, text, ml, engineer",Success
148,madhuri R.docx,22.25,11,18,"deploying, solutions, responsibilities, strong, experience","scientist, learning, ml, engineer, pandas",Success
149,BA Kiran.docx,22.18,6,23,"solutions, responsibilities, strong, experience, building","learning, models, extracting, spacy, machine",Success
150,Vishnu BA Resume.docx,22.17,5,24,"solutions, experience, models, building, data","learning, extracting, spacy, machine, deploying",Success
151,Gautami Bulusu Mobile Testing 3.docx,21.86,6,23,"deploying, responsibilities, strong, engineer, experience","learning, models, building, extracting, spacy",Success
152,Navneeth Resume.docx,21.58,10,19,"solutions, learning, responsibilities, strong, experience","extracting, spacy, machine, deploying, engineer",Success
153,Dhanalaxmi -BA.docx,21.5,6,23,"responsibilities, strong, experience, models, include","learning, building, extracting, spacy, machine",Success
154,chenna kesava.docx,21.27,13,16,"deploying, solutions, responsibilities, strong, experience","scientist, learning, text, ml, engineer",Success
155,Amulya Komatineni.docx,21.16,9,20,"deploying, responsibilities, strong, experience, data","learning, extracting, spacy, machine, solutions",Success
156,Resume - Sr PM.docx,21.06,6,23,"solutions, strong, experience, data, building","learning, models, extracting, spacy, machine",Success
157,Siddhartha Gandroju.docx,21.04,11,18,"deploying, responsibilities, strong, experience, data","solutions, learning, scientist, ml, engineer",Success
158,Sudhakar Reddy.docx,20.9,9,20,"deploying, responsibilities, strong, experience, building","learning, models, extracting, spacy, machine",Success
159,Brahma-Resume (BA).docx,20.85,10,19,"solutions, responsibilities, strong, experience, data","learning, extracting, spacy, machine, deploying",Success
160,Krishnapriya_BA.docx,20.85,8,21,"solutions, strong, engineer, experience, data","learning, models, extracting, spacy, machine",Success
161,Ramteja Motupalli.docx,20.81,7,22,"solutions, strong, experience, data, models","learning, building, extracting, spacy, machine",Success
162,Niteesh Java Developer.docx,20.66,11,18,"deploying, solutions, learning, responsibilities, strong","scientist, ml, text, engineer, pandas",Success
163,mahesh_Java.docx,20.65,10,19,"deploying, solutions, responsibilities, strong, experience","learning, extracting, spacy, machine, engineer",Success
164,Priya_Sharma.docx,20.47,7,22,"solutions, responsibilities, strong, experience, models","learning, extracting, spacy, machine, deploying",Success
165,Adhi Gopalam - SM.docx,20.33,8,21,"solutions, responsibilities, strong, experience, models","learning, extracting, spacy, machine, deploying",Success
166,V Ashok A.docx,20.25,10,19,"deploying, solutions, responsibilities, strong, experience","learning, models, building, extracting, spacy",Success
167,ram nandyala.docx,20.25,10,19,"solutions, learning, responsibilities, strong, experience","extracting, spacy, deploying, engineer, candidate",Success
168,Deepika DC.docx,20.22,3,26,"experience, responsibilities, data","learning, models, building, extracting, spacy",Success
169,Francis Gomes Resume.docx,20.12,3,26,"experience, solutions, data","learning, models, building, extracting, spacy",Success
170,Bapuji Hadoop developer.docx,20.06,12,17,"deploying, solutions, responsibilities, strong, experience","scientist, learning, text, engineer, pandas",Success
171,Harshitha Challa.docx,19.93,11,18,"deploying, solutions, responsibilities, strong, experience","scientist, learning, ml, engineer, pandas",Success
172,Sharath Java.docx,19.8,8,21,"responsibilities, strong, experience, data, building","learning, models, extracting, spacy, machine",Success
173,Pranay P.docx,19.79,8,21,"deploying, responsibilities, strong, experience, building","learning, models, extracting, spacy, machine",Success
174,Nikhil.docx,19.74,12,17,"deploying, solutions, responsibilities, strong, engineer","scientist, learning, ml, pandas, nlp",Success
175,Rajesh_k.docx,19.66,7,22,"solutions, engineer, experience, data, git","learning, models, building, extracting, spacy",Success
176,avinash G.docx,19.65,9,20,"deploying, responsibilities, experience, data, models","learning, extracting, spacy, machine, solutions",Success
177,Madhu_BA_AW.DOCX,19.62,4,25,"models, git, data, experience","learning, building, extracting, spacy, machine",Success
178,Rashmitha R.docx,19.58,8,21,"deploying, responsibilities, strong, experience, models","learning, extracting, spacy, machine, solutions",Success
179,Ravi Reddy.docx,19.53,10,19,"responsibilities, strong, experience, data, models","learning, extracting, spacy, machine, deploying",Success
180,Jayadattaperi N.docx,19.42,11,18,"deploying, solutions, responsibilities, strong, experience","scientist, learning, ml, engineer, pandas",Success
181,Komala BSA Resume.docx,19.27,9,20,"solutions, responsibilities, strong, experience, models","learning, spacy, machine, deploying, engineer",Success
182,Dantu Padmasri - Project Manager.docx,19.11,5,24,"solutions, strong, engineer, experience, data","learning, models, building, extracting, spacy",Success
183,ParthMPatel_BA.docx,19.11,6,23,"solutions, responsibilities, strong, experience, models","learning, building, extracting, spacy, machine",Success
184,Ami Jape.docx,18.73,7,22,"solutions, responsibilities, strong, experience, models","learning, building, extracting, spacy, machine",Success
185,Vamshi L.docx,18.68,11,18,"deploying, responsibilities, strong, experience, data","solutions, learning, text, scientist, engineer",Success
186,Harish K.docx,18.56,11,18,"deploying, solutions, responsibilities, strong, experience","scientist, learning, ml, engineer, pandas",Success
187,SUNITHA Project Manager (1).docx,18.28,6,23,"solutions, responsibilities, strong, experience, building","learning, models, extracting, spacy, machine",Success
188,Randy Adams.docx,18.04,11,18,"solutions, responsibilities, strong, experience, data","deploying, scientist, learning, ml, engineer",Success
189,Sai Srinivas_Sr_Java_Developer.docx,18.04,13,16,"deploying, solutions, responsibilities, strong, experience","scientist, learning, ml, engineer, pandas",Success
190,Vamshi Teja_Business Analyst.docx,18.03,6,23,"responsibilities, experience, data, models, building","learning, extracting, spacy, machine, deploying",Success
191,Gokul Selvam S PM.docx,18.02,6,23,"solutions, responsibilities, strong, experience, data","learning, models, building, extracting, spacy",Success
192,Naveen Kumar Bandela.docx,18.01,10,19,"deploying, responsibilities, learning, strong, engineer","models, extracting, spacy, machine, solutions",Success
193,Priya B.docx,17.92,7,22,"deploying, strong, experience, data, python","learning, models, building, extracting, spacy",Success
194,Mounika_P.docx,17.8,13,16,"deploying, responsibilities, strong, text, experience","solutions, learning, scientist, ml, engineer",Success
195,Sougandh_Java Fullstack Developer.docx,17.77,7,22,"deploying, responsibilities, experience, data, building","learning, models, extracting, spacy, machine",Success
196,MounikaReddy.docx,17.53,7,22,"solutions, responsibilities, strong, experience, models","learning, building, extracting, spacy, machine",Success
197,Yugesh_Resume.docx,17.49,11,18,"deploying, learning, responsibilities, strong, experience","solutions, scientist, ml, engineer, pandas",Success
198,Drakshajavauidev.docx,17.44,9,20,"deploying, solutions, responsibilities, strong, experience","learning, extracting, spacy, machine, engineer",Success
199,Sahithi K.docx,17.38,8,21,"deploying, responsibilities, experience, data, building","learning, models, extracting, spacy, machine",Success
200,RaviBurra_Certified PM_DevOps.docx,17.16,10,19,"solutions, strong, engineer, experience, data","learning, models, extracting, spacy, machine",Success
201,Sumanth Manne Java Developer.docx,16.91,10,19,"deploying, solutions, responsibilities, strong, experience","learning, extracting, spacy, machine, engineer",Success
202,Adelina_Erimia_PMP1.docx,16.83,3,26,"solutions, responsibilities, data","learning, models, building, extracting, spacy",Success
203,Manohar B.docx,16.69,8,21,"solutions, responsibilities, strong, experience, data","learning, models, extracting, spacy, machine",Success
204,Sravani Battu.docx,16.62,10,19,"deploying, solutions, responsibilities, strong, experience","learning, models, building, extracting, spacy",Success
205,Syed_Zia_Ashraf.docx,16.49,10,19,"solutions, responsibilities, strong, engineer, experience","learning, models, extracting, spacy, machine",Success
206,Santosh Arugula BA.docx,16.01,7,22,"solutions, responsibilities, strong, experience, models","learning, building, extracting, spacy, machine",Success
207,nithin katapally.docx,15.95,13,16,"deploying, solutions, learning, responsibilities, strong","scientist, ml, engineer, pandas, nlp",Success
208,Avathika BA-Healthcare_.docx,15.95,8,21,"solutions, responsibilities, strong, experience, models","learning, extracting, spacy, machine, deploying",Success
209,nithin Reddy.docx,15.5,14,15,"deploying, solutions, learning, responsibilities, strong","scientist, ml, engineer, pandas, nlp",Success
210,Shiva G-Java Resume.docx,15.42,10,19,"deploying, solutions, responsibilities, strong, experience","learning, models, extracting, spacy, machine",Success
211,VIJETHA G.docx,15.14,12,17,"deploying, solutions, responsibilities, strong, experience","scientist, learning, text, ml, engineer",Success
212,sai k.docx,14.9,9,20,"solutions, responsibilities, strong, experience, data","learning, extracting, spacy, machine, deploying",Success
213,Ashwini J2EE Developer.docx,14.31,10,19,"deploying, responsibilities, strong, engineer, experience","learning, models, extracting, spacy, machine",Success
214,Sai kumar.docx,14.23,10,19,"deploying, solutions, responsibilities, strong, experience","learning, extracting, spacy, machine, engineer",Success
215,sairithvik alla.docx,14.03,13,16,"deploying, solutions, responsibilities, strong, engineer","scientist, learning, ml, pandas, nlp",Success
216,vikas java.docx,13.68,11,18,"deploying, responsibilities, strong, text, experience","solutions, learning, scientist, ml, engineer",Success
217,Harika_java.docx,13.42,10,19,"deploying, solutions, responsibilities, strong, experience","learning, models, extracting, spacy, machine",Success
218,jagadeesh k.docx,13.24,8,21,"deploying, responsibilities, strong, experience, data","learning, models, building, extracting, spacy",Success
219,Praveen T.docx,13.16,11,18,"deploying, solutions, learning, responsibilities, strong","scientist, ml, text, engineer, pandas",Success
220,Krishna_SrJava.docx,11.78,9,20,"solutions, learning, strong, responsibilities, experience","models, extracting, spacy, machine, deploying",Success
221,Jennifer  M. Conte.docx,11.27,6,23,"responsibilities, learning, engineer, experience, data","models, building, extracting, spacy, machine",Success
222,Ramachandra EDA.docx,10.44,10,19,"deploying, experience, models, building, python","learning, extracting, spacy, machine, solutions",Success
223,Amar Sr BSA.docx,9.56,11,18,"deploying, solutions, responsibilities, strong, experience","scientist, learning, ml, engineer, pandas",Success
224,SAURABH_PM.docx,9.55,0,29,,"learning, experience, nlp, scikit, models",Success
225,"Resume Vishal PM - MSIS, PMP-PMI.docx",9.55,0,29,,"learning, experience, nlp, scikit, models",Success
226,Raju Goduguchinta_Technical Program Manager.docx,9.55,0,29,,"learning, experience, nlp, scikit, models",Success
227,employer_mounika details.docx,9.55,0,29,,"learning, experience, nlp, scikit, models",Success
